date,customer,gender,age,category,sale,price,purchase
24/11/2023,CUST001,Male,34,Beauty,3,50,150
27/02/2023,CUST002,Female,26,Clothing,2,500,1000
13/01/2023,CUST003,Male,50,Electronics,1,30,30
21/05/2023,CUST004,Male,37,Clothing,1,500,500
06/05/2023,CUST005,Male,30,Beauty,2,50,100
25/04/2023,CUST006,Female,45,Beauty,1,30,30
13/03/2023,CUST007,Male,46,Clothing,2,25,50
22/02/2023,CUST008,Male,30,Electronics,4,25,100
13/12/2023,CUST009,Male,63,Electronics,2,300,600
07/10/2023,CUST010,Female,52,Clothing,4,50,200
14/02/2023,CUST011,Male,23,Clothing,2,50,100
30/10/2023,CUST012,Male,35,Beauty,3,25,75
05/08/2023,CUST013,Male,22,Electronics,3,500,1500
17/01/2023,CUST014,Male,64,Clothing,4,30,120
16/01/2023,CUST015,Female,42,Electronics,4,500,2000
17/02/2023,CUST016,Male,19,Clothing,3,500,1500
22/04/2023,CUST017,Female,27,Clothing,4,25,100
30/04/2023,CUST018,Female,47,Electronics,2,25,50
16/09/2023,CUST019,Female,62,Clothing,2,25,50
05/11/2023,CUST020,Male,22,Clothing,3,300,900
14/01/2023,CUST021,Female,50,Beauty,1,500,500
15/10/2023,CUST022,Male,18,Clothing,2,50,100
12/04/2023,CUST023,Female,35,Clothing,4,30,120
29/11/2023,CUST024,Female,49,Clothing,1,300,300
26/12/2023,CUST025,Female,64,Beauty,1,50,50
07/10/2023,CUST026,Female,28,Electronics,2,500,1000
03/08/2023,CUST027,Female,38,Beauty,2,25,50
23/04/2023,CUST028,Female,43,Beauty,1,500,500
18/08/2023,CUST029,Female,42,Electronics,1,30,30
29/10/2023,CUST030,Female,39,Beauty,3,300,900
23/05/2023,CUST031,Male,44,Electronics,4,300,1200
04/01/2023,CUST032,Male,30,Beauty,3,30,90
23/03/2023,CUST033,Female,50,Electronics,2,50,100
24/12/2023,CUST034,Female,51,Clothing,3,50,150
05/08/2023,CUST035,Female,58,Beauty,3,300,900
24/06/2023,CUST036,Male,52,Beauty,3,300,900
23/05/2023,CUST037,Female,18,Beauty,3,25,75
21/03/2023,CUST038,Male,38,Beauty,4,50,200
21/04/2023,CUST039,Male,23,Clothing,4,30,120
22/06/2023,CUST040,Male,45,Beauty,1,50,50
22/02/2023,CUST041,Male,34,Clothing,2,25,50
17/02/2023,CUST042,Male,22,Clothing,3,300,900
14/07/2023,CUST043,Female,48,Clothing,1,300,300
19/02/2023,CUST044,Female,22,Clothing,1,25,25
03/07/2023,CUST045,Female,55,Electronics,1,30,30
26/06/2023,CUST046,Female,20,Electronics,4,300,1200
06/11/2023,CUST047,Female,40,Beauty,3,500,1500
16/05/2023,CUST048,Male,54,Electronics,3,300,900
23/01/2023,CUST049,Female,54,Electronics,2,500,1000
24/08/2023,CUST050,Female,27,Beauty,3,25,75
02/10/2023,CUST051,Male,27,Beauty,3,25,75
05/03/2023,CUST052,Female,36,Beauty,1,300,300
13/07/2023,CUST053,Male,34,Electronics,2,50,100
10/02/2023,CUST054,Female,38,Electronics,3,500,1500
10/10/2023,CUST055,Male,31,Beauty,4,30,120
31/05/2023,CUST056,Female,26,Clothing,3,300,900
18/11/2023,CUST057,Female,63,Beauty,1,30,30
13/11/2023,CUST058,Male,18,Clothing,4,300,1200
05/07/2023,CUST059,Male,62,Clothing,1,50,50
23/10/2023,CUST060,Male,30,Beauty,3,50,150
09/04/2023,CUST061,Male,21,Beauty,4,50,200
27/12/2023,CUST062,Male,18,Beauty,2,50,100
05/02/2023,CUST063,Male,57,Electronics,2,25,50
24/01/2023,CUST064,Male,49,Clothing,4,25,100
05/12/2023,CUST065,Male,51,Electronics,4,500,2000
27/04/2023,CUST066,Female,45,Electronics,1,30,30
29/05/2023,CUST067,Female,48,Beauty,4,300,1200
10/02/2023,CUST068,Male,25,Electronics,1,300,300
30/04/2023,CUST069,Female,56,Beauty,3,25,75
21/02/2023,CUST070,Female,43,Clothing,1,300,300
14/07/2023,CUST071,Female,51,Beauty,4,25,100
23/05/2023,CUST072,Female,20,Electronics,4,500,2000
21/08/2023,CUST073,Male,29,Electronics,3,30,90
22/11/2023,CUST074,Female,18,Beauty,4,500,2000
06/07/2023,CUST075,Male,61,Beauty,4,50,200
25/03/2023,CUST076,Female,22,Electronics,2,50,100
09/07/2023,CUST077,Female,47,Clothing,2,50,100
01/07/2023,CUST078,Female,47,Clothing,3,500,1500
18/04/2023,CUST079,Male,34,Beauty,1,300,300
10/12/2023,CUST080,Female,64,Clothing,2,30,60
17/05/2023,CUST081,Male,40,Electronics,1,50,50
26/12/2023,CUST082,Female,32,Beauty,4,50,200
16/12/2023,CUST083,Male,54,Electronics,2,50,100
28/11/2023,CUST084,Female,38,Electronics,3,30,90
06/02/2023,CUST085,Male,31,Clothing,3,50,150
08/11/2023,CUST086,Male,19,Beauty,3,30,90
22/11/2023,CUST087,Female,28,Beauty,2,50,100
29/03/2023,CUST088,Male,56,Clothing,1,500,500
01/10/2023,CUST089,Female,55,Electronics,4,500,2000
06/05/2023,CUST090,Female,51,Electronics,1,30,30
25/03/2023,CUST091,Female,55,Electronics,1,500,500
25/08/2023,CUST092,Female,51,Electronics,4,30,120
14/07/2023,CUST093,Female,35,Beauty,4,500,2000
19/05/2023,CUST094,Female,47,Beauty,2,500,1000
24/11/2023,CUST095,Female,32,Clothing,2,30,60
19/12/2023,CUST096,Female,44,Clothing,2,300,600
13/10/2023,CUST097,Female,51,Beauty,2,500,1000
23/04/2023,CUST098,Female,55,Beauty,2,50,100
17/12/2023,CUST099,Female,50,Electronics,4,300,1200
16/06/2023,CUST100,Male,41,Electronics,1,30,30
29/01/2023,CUST101,Male,32,Clothing,2,300,600
28/04/2023,CUST102,Female,47,Beauty,2,25,50
17/01/2023,CUST103,Female,59,Clothing,1,25,25
11/06/2023,CUST104,Female,34,Beauty,2,500,1000
25/07/2023,CUST105,Female,22,Electronics,1,500,500
18/05/2023,CUST106,Female,46,Clothing,1,50,50
03/02/2023,CUST107,Female,21,Clothing,4,300,1200
19/04/2023,CUST108,Female,27,Beauty,3,25,75
18/10/2023,CUST109,Female,34,Electronics,4,500,2000
11/06/2023,CUST110,Male,27,Clothing,3,300,900
19/04/2023,CUST111,Female,34,Electronics,3,500,1500
02/12/2023,CUST112,Male,37,Clothing,3,500,1500
13/09/2023,CUST113,Female,41,Electronics,2,25,50
22/07/2023,CUST114,Female,22,Beauty,4,25,100
26/11/2023,CUST115,Male,51,Clothing,3,500,1500
23/08/2023,CUST116,Female,23,Clothing,1,30,30
15/03/2023,CUST117,Male,19,Electronics,2,500,1000
16/05/2023,CUST118,Female,30,Electronics,4,500,2000
13/03/2023,CUST119,Female,60,Clothing,3,50,150
07/05/2023,CUST120,Male,60,Beauty,1,50,50
15/10/2023,CUST121,Female,28,Electronics,4,50,200
03/10/2023,CUST122,Male,64,Electronics,4,30,120
15/05/2023,CUST123,Female,40,Electronics,2,30,60
27/10/2023,CUST124,Male,33,Clothing,4,500,2000
08/08/2023,CUST125,Male,48,Clothing,2,50,100
26/10/2023,CUST126,Female,28,Clothing,3,30,90
24/07/2023,CUST127,Female,33,Clothing,2,25,50
05/07/2023,CUST128,Male,25,Beauty,1,500,500
23/04/2023,CUST129,Female,21,Beauty,2,300,600
12/03/2023,CUST130,Female,57,Clothing,1,500,500
18/09/2023,CUST131,Female,21,Beauty,2,300,600
10/09/2023,CUST132,Male,42,Electronics,4,50,200
16/02/2023,CUST133,Male,20,Electronics,3,300,900
25/01/2023,CUST134,Male,49,Electronics,1,50,50
26/02/2023,CUST135,Male,20,Clothing,2,25,50
20/03/2023,CUST136,Male,44,Electronics,2,300,600
18/11/2023,CUST137,Male,46,Beauty,2,500,1000
23/03/2023,CUST138,Male,49,Clothing,4,50,200
15/12/2023,CUST139,Male,36,Beauty,4,500,2000
05/08/2023,CUST140,Male,38,Electronics,1,30,30
02/11/2023,CUST141,Female,22,Electronics,1,50,50
02/02/2023,CUST142,Male,35,Electronics,4,300,1200
17/07/2023,CUST143,Female,45,Clothing,1,50,50
15/07/2023,CUST144,Female,59,Beauty,3,500,1500
02/11/2023,CUST145,Female,39,Clothing,3,25,75
28/08/2023,CUST146,Male,38,Clothing,4,50,200
28/09/2023,CUST147,Male,23,Electronics,1,300,300
09/05/2023,CUST148,Male,18,Clothing,2,30,60
11/10/2023,CUST149,Male,22,Clothing,3,25,75
06/01/2023,CUST150,Female,58,Electronics,4,30,120
15/12/2023,CUST151,Male,29,Clothing,1,50,50
28/02/2023,CUST152,Male,43,Electronics,4,500,2000
16/12/2023,CUST153,Male,63,Electronics,2,500,1000
02/10/2023,CUST154,Male,51,Electronics,3,300,900
17/05/2023,CUST155,Male,31,Electronics,4,500,2000
25/11/2023,CUST156,Female,43,Clothing,4,25,100
24/06/2023,CUST157,Male,62,Electronics,4,500,2000
27/02/2023,CUST158,Female,44,Electronics,2,300,600
31/05/2023,CUST159,Male,26,Clothing,4,50,200
11/08/2023,CUST160,Female,43,Clothing,2,50,100
22/03/2023,CUST161,Male,64,Beauty,2,500,1000
21/08/2023,CUST162,Male,39,Clothing,2,30,60
02/01/2023,CUST163,Female,64,Clothing,3,50,150
15/05/2023,CUST164,Female,47,Beauty,3,500,1500
14/09/2023,CUST165,Female,60,Clothing,4,300,1200
02/04/2023,CUST166,Male,34,Clothing,4,500,2000
17/09/2023,CUST167,Female,43,Clothing,3,50,150
24/02/2023,CUST168,Male,53,Clothing,1,300,300
17/11/2023,CUST169,Male,18,Beauty,3,500,1500
02/06/2023,CUST170,Female,25,Clothing,2,25,50
24/11/2023,CUST171,Female,52,Clothing,3,300,900
17/09/2023,CUST172,Male,32,Beauty,2,25,50
08/11/2023,CUST173,Male,64,Electronics,4,30,120
12/04/2023,CUST174,Female,39,Beauty,1,300,300
20/03/2023,CUST175,Female,31,Electronics,4,25,100
11/07/2023,CUST176,Female,43,Beauty,2,50,100
24/03/2023,CUST177,Male,45,Beauty,2,50,100
04/10/2023,CUST178,Male,40,Clothing,2,30,60
29/09/2023,CUST179,Male,31,Electronics,1,300,300
01/01/2023,CUST180,Male,41,Clothing,3,300,900
03/11/2023,CUST181,Male,19,Electronics,4,300,1200
15/06/2023,CUST182,Male,62,Beauty,4,30,120
08/09/2023,CUST183,Female,43,Beauty,3,300,900
10/01/2023,CUST184,Male,31,Electronics,4,50,200
27/02/2023,CUST185,Male,24,Clothing,1,25,25
05/07/2023,CUST186,Male,20,Clothing,4,50,200
07/06/2023,CUST187,Female,64,Clothing,2,50,100
03/05/2023,CUST188,Male,40,Clothing,3,25,75
30/01/2023,CUST189,Male,63,Beauty,1,50,50
04/05/2023,CUST190,Female,60,Beauty,3,30,90
18/10/2023,CUST191,Male,64,Beauty,1,25,25
10/02/2023,CUST192,Male,62,Beauty,2,50,100
13/02/2023,CUST193,Male,35,Beauty,3,500,1500
06/09/2023,CUST194,Male,55,Clothing,4,50,200
05/02/2023,CUST195,Male,52,Clothing,1,30,30
30/09/2023,CUST196,Female,32,Clothing,3,300,900
06/03/2023,CUST197,Female,42,Clothing,4,50,200
07/03/2023,CUST198,Female,54,Beauty,3,300,900
04/12/2023,CUST199,Male,45,Beauty,3,500,1500
01/09/2023,CUST200,Male,27,Beauty,3,50,150
09/10/2023,CUST201,Male,56,Electronics,1,25,25
26/03/2023,CUST202,Female,34,Clothing,4,300,1200
16/05/2023,CUST203,Male,56,Clothing,2,500,1000
28/09/2023,CUST204,Male,39,Beauty,1,25,25
07/11/2023,CUST205,Female,43,Clothing,1,25,25
05/08/2023,CUST206,Male,61,Clothing,1,25,25
19/04/2023,CUST207,Female,42,Beauty,2,25,50
04/10/2023,CUST208,Female,34,Electronics,4,50,200
20/12/2023,CUST209,Female,30,Electronics,4,50,200
13/04/2023,CUST210,Male,37,Electronics,4,50,200
01/01/2024,CUST211,Male,42,Beauty,3,500,1500
09/06/2023,CUST212,Male,21,Clothing,3,500,1500
24/07/2023,CUST213,Male,27,Beauty,3,500,1500
10/12/2023,CUST214,Male,20,Beauty,2,30,60
29/11/2023,CUST215,Male,58,Clothing,3,500,1500
11/07/2023,CUST216,Male,62,Electronics,2,50,100
13/08/2023,CUST217,Female,35,Electronics,4,50,200
22/09/2023,CUST218,Male,64,Beauty,3,30,90
20/08/2023,CUST219,Female,53,Electronics,3,30,90
03/03/2023,CUST220,Male,64,Beauty,1,500,500
07/05/2023,CUST221,Male,39,Beauty,2,300,600
26/04/2023,CUST222,Male,51,Clothing,4,30,120
02/02/2023,CUST223,Female,64,Clothing,1,25,25
23/06/2023,CUST224,Female,25,Clothing,1,50,50
11/01/2023,CUST225,Female,57,Beauty,4,25,100
29/10/2023,CUST226,Female,61,Clothing,1,50,50
11/10/2023,CUST227,Male,36,Electronics,2,50,100
28/04/2023,CUST228,Female,59,Electronics,2,30,60
29/10/2023,CUST229,Male,58,Beauty,3,30,90
23/04/2023,CUST230,Male,54,Beauty,1,25,25
04/01/2023,CUST231,Female,23,Clothing,3,50,150
06/02/2023,CUST232,Female,43,Beauty,1,25,25
29/12/2023,CUST233,Female,51,Beauty,2,300,600
20/11/2023,CUST234,Female,62,Electronics,2,25,50
31/01/2023,CUST235,Female,23,Electronics,2,500,1000
28/04/2023,CUST236,Female,54,Clothing,1,25,25
04/02/2023,CUST237,Female,50,Beauty,2,500,1000
17/01/2023,CUST238,Female,39,Beauty,1,500,500
19/06/2023,CUST239,Male,38,Electronics,3,500,1500
06/02/2023,CUST240,Female,23,Beauty,1,300,300
21/09/2023,CUST241,Female,23,Electronics,3,25,75
02/05/2023,CUST242,Male,21,Clothing,1,25,25
23/05/2023,CUST243,Female,47,Electronics,3,300,900
09/12/2023,CUST244,Male,28,Beauty,2,50,100
06/09/2023,CUST245,Male,47,Clothing,3,30,90
20/04/2023,CUST246,Female,48,Electronics,2,25,50
04/10/2023,CUST247,Male,41,Electronics,2,30,60
09/03/2023,CUST248,Male,26,Clothing,3,300,900
20/10/2023,CUST249,Male,20,Clothing,1,50,50
23/10/2023,CUST250,Male,48,Electronics,1,50,50
31/08/2023,CUST251,Female,57,Beauty,4,50,200
05/05/2023,CUST252,Male,54,Electronics,1,300,300
31/08/2023,CUST253,Female,53,Clothing,4,500,2000
28/07/2023,CUST254,Male,41,Electronics,1,500,500
08/04/2023,CUST255,Male,48,Clothing,1,30,30
18/02/2023,CUST256,Male,23,Clothing,2,500,1000
19/02/2023,CUST257,Male,19,Beauty,4,500,2000
04/12/2023,CUST258,Female,37,Clothing,1,50,50
09/08/2023,CUST259,Female,45,Clothing,4,50,200
01/07/2023,CUST260,Male,28,Beauty,2,30,60
05/08/2023,CUST261,Male,21,Clothing,2,25,50
30/07/2023,CUST262,Female,32,Beauty,4,30,120
28/08/2023,CUST263,Male,23,Beauty,2,30,60
28/01/2023,CUST264,Male,47,Clothing,3,300,900
11/12/2023,CUST265,Male,55,Clothing,3,300,900
01/12/2023,CUST266,Female,19,Electronics,2,30,60
27/11/2023,CUST267,Female,32,Beauty,3,30,90
20/02/2023,CUST268,Female,28,Electronics,1,30,30
01/02/2023,CUST269,Male,25,Clothing,4,500,2000
26/07/2023,CUST270,Male,43,Electronics,1,300,300
23/06/2023,CUST271,Female,62,Beauty,4,30,120
25/02/2023,CUST272,Female,61,Electronics,2,50,100
08/05/2023,CUST273,Female,22,Beauty,1,50,50
09/04/2023,CUST274,Female,23,Clothing,2,500,1000
08/04/2023,CUST275,Male,43,Clothing,2,500,1000
02/10/2023,CUST276,Female,21,Beauty,4,25,100
18/08/2023,CUST277,Male,36,Clothing,4,25,100
13/03/2023,CUST278,Female,37,Clothing,4,25,100
05/08/2023,CUST279,Male,50,Clothing,1,500,500
04/04/2023,CUST280,Female,37,Clothing,3,500,1500
23/05/2023,CUST281,Female,29,Beauty,4,500,2000
25/08/2023,CUST282,Female,64,Electronics,4,50,200
08/05/2023,CUST283,Female,18,Electronics,1,500,500
08/02/2023,CUST284,Male,43,Clothing,4,50,200
15/08/2023,CUST285,Female,31,Electronics,1,25,25
09/10/2023,CUST286,Male,55,Electronics,2,25,50
20/02/2023,CUST287,Male,54,Clothing,4,25,100
26/01/2023,CUST288,Male,28,Clothing,4,30,120
30/11/2023,CUST289,Male,53,Electronics,2,30,60
04/10/2023,CUST290,Female,30,Beauty,2,300,600
08/01/2023,CUST291,Male,60,Clothing,2,300,600
17/02/2023,CUST292,Male,20,Beauty,4,300,1200
02/05/2023,CUST293,Male,50,Electronics,3,30,90
27/03/2023,CUST294,Female,23,Clothing,3,30,90
28/07/2023,CUST295,Female,27,Beauty,3,300,900
06/09/2023,CUST296,Female,22,Clothing,4,300,1200
04/09/2023,CUST297,Female,40,Electronics,2,500,1000
20/04/2023,CUST298,Male,27,Beauty,4,300,1200
25/07/2023,CUST299,Male,61,Electronics,2,500,1000
31/01/2023,CUST300,Female,19,Electronics,4,50,200
26/03/2023,CUST301,Male,30,Clothing,4,30,120
14/07/2023,CUST302,Male,57,Beauty,2,300,600
02/01/2023,CUST303,Male,19,Electronics,3,30,90
19/07/2023,CUST304,Female,37,Electronics,2,30,60
16/05/2023,CUST305,Female,18,Beauty,1,30,30
21/08/2023,CUST306,Male,54,Electronics,1,50,50
27/05/2023,CUST307,Female,26,Electronics,2,25,50
05/08/2023,CUST308,Female,34,Beauty,4,300,1200
23/12/2023,CUST309,Female,26,Beauty,1,25,25
12/10/2023,CUST310,Female,28,Beauty,1,25,25
05/12/2023,CUST311,Female,32,Beauty,4,25,100
07/09/2023,CUST312,Male,41,Clothing,4,30,120
21/03/2023,CUST313,Female,55,Beauty,3,500,1500
08/04/2023,CUST314,Male,52,Clothing,4,30,120
01/06/2023,CUST315,Male,47,Clothing,2,30,60
22/04/2023,CUST316,Female,48,Clothing,2,25,50
30/01/2023,CUST317,Male,22,Electronics,3,30,90
24/10/2023,CUST318,Male,61,Clothing,1,25,25
05/10/2023,CUST319,Male,31,Clothing,1,500,500
01/02/2023,CUST320,Female,28,Electronics,4,300,1200
10/06/2023,CUST321,Female,26,Electronics,2,25,50
30/01/2023,CUST322,Male,51,Electronics,1,500,500
26/01/2023,CUST323,Female,29,Beauty,3,300,900
27/10/2023,CUST324,Female,52,Electronics,3,50,150
02/09/2023,CUST325,Female,52,Electronics,2,25,50
15/09/2023,CUST326,Female,18,Clothing,3,25,75
29/09/2023,CUST327,Male,57,Electronics,3,50,150
22/03/2023,CUST328,Male,39,Beauty,2,50,100
30/01/2023,CUST329,Female,46,Electronics,4,25,100
18/09/2023,CUST330,Female,25,Beauty,4,50,200
11/02/2023,CUST331,Male,28,Electronics,3,30,90
06/04/2023,CUST332,Male,58,Electronics,4,300,1200
05/02/2023,CUST333,Female,54,Electronics,4,300,1200
01/11/2023,CUST334,Male,31,Electronics,3,300,900
04/02/2023,CUST335,Female,47,Beauty,4,30,120
12/12/2023,CUST336,Female,52,Beauty,3,50,150
01/05/2023,CUST337,Male,38,Clothing,1,500,500
26/07/2023,CUST338,Male,54,Beauty,2,50,100
03/03/2023,CUST339,Female,22,Electronics,2,25,50
19/10/2023,CUST340,Female,36,Clothing,4,300,1200
07/05/2023,CUST341,Male,31,Clothing,4,50,200
24/10/2023,CUST342,Female,43,Clothing,4,500,2000
01/11/2023,CUST343,Male,21,Electronics,2,25,50
21/01/2023,CUST344,Female,42,Beauty,1,30,30
14/11/2023,CUST345,Male,62,Electronics,1,30,30
11/02/2023,CUST346,Male,59,Clothing,2,500,1000
03/08/2023,CUST347,Male,42,Electronics,1,25,25
03/12/2023,CUST348,Female,35,Electronics,2,300,600
26/10/2023,CUST349,Female,57,Beauty,1,50,50
17/10/2023,CUST350,Male,25,Beauty,3,25,75
25/09/2023,CUST351,Female,56,Clothing,3,30,90
11/06/2023,CUST352,Male,57,Electronics,2,500,1000
14/05/2023,CUST353,Male,31,Electronics,1,500,500
15/04/2023,CUST354,Female,49,Beauty,4,50,200
09/12/2023,CUST355,Female,55,Electronics,1,500,500
10/06/2023,CUST356,Male,50,Electronics,3,500,1500
03/05/2023,CUST357,Female,40,Electronics,3,25,75
16/05/2023,CUST358,Female,32,Beauty,1,300,300
22/07/2023,CUST359,Male,50,Clothing,1,50,50
09/03/2023,CUST360,Male,42,Clothing,4,25,100
10/12/2023,CUST361,Female,34,Electronics,4,300,1200
27/11/2023,CUST362,Male,50,Clothing,1,25,25
03/06/2023,CUST363,Male,64,Beauty,1,25,25
23/08/2023,CUST364,Female,19,Beauty,1,500,500
11/06/2023,CUST365,Male,31,Clothing,1,300,300
07/02/2023,CUST366,Male,57,Clothing,2,50,100
05/01/2023,CUST367,Female,57,Electronics,1,50,50
23/08/2023,CUST368,Female,56,Clothing,4,300,1200
15/11/2023,CUST369,Male,23,Electronics,3,500,1500
16/10/2023,CUST370,Male,23,Electronics,2,30,60
21/02/2023,CUST371,Female,20,Beauty,1,25,25
07/02/2023,CUST372,Female,24,Beauty,3,500,1500
03/10/2023,CUST373,Female,25,Beauty,2,300,600
20/04/2023,CUST374,Female,59,Beauty,3,25,75
17/09/2023,CUST375,Male,32,Clothing,1,50,50
16/05/2023,CUST376,Female,64,Beauty,1,30,30
09/03/2023,CUST377,Female,46,Clothing,4,50,200
28/06/2023,CUST378,Male,50,Beauty,1,300,300
05/02/2023,CUST379,Female,47,Clothing,1,25,25
06/05/2023,CUST380,Male,56,Electronics,2,300,600
09/07/2023,CUST381,Female,44,Clothing,4,25,100
26/05/2023,CUST382,Female,53,Clothing,2,500,1000
22/03/2023,CUST383,Female,46,Beauty,3,30,90
13/08/2023,CUST384,Male,55,Clothing,1,500,500
06/10/2023,CUST385,Male,50,Electronics,3,500,1500
27/12/2023,CUST386,Female,54,Electronics,2,300,600
04/06/2023,CUST387,Male,44,Beauty,1,30,30
10/11/2023,CUST388,Male,50,Electronics,1,25,25
01/12/2023,CUST389,Male,21,Clothing,2,25,50
28/09/2023,CUST390,Male,39,Electronics,2,50,100
05/01/2023,CUST391,Male,19,Beauty,2,25,50
08/12/2023,CUST392,Male,27,Clothing,2,300,600
11/10/2023,CUST393,Female,22,Beauty,2,500,1000
03/06/2023,CUST394,Female,27,Clothing,1,500,500
06/12/2023,CUST395,Male,50,Electronics,2,500,1000
23/02/2023,CUST396,Female,55,Beauty,1,30,30
10/03/2023,CUST397,Female,30,Beauty,1,25,25
16/05/2023,CUST398,Female,48,Clothing,2,300,600
01/03/2023,CUST399,Female,64,Beauty,2,30,60
24/02/2023,CUST400,Male,53,Clothing,4,50,200
11/10/2023,CUST401,Female,62,Clothing,1,300,300
21/03/2023,CUST402,Female,41,Clothing,2,300,600
20/05/2023,CUST403,Male,32,Clothing,2,300,600
25/05/2023,CUST404,Male,46,Electronics,2,500,1000
06/11/2023,CUST405,Female,25,Clothing,4,300,1200
18/04/2023,CUST406,Female,22,Beauty,4,25,100
25/06/2023,CUST407,Female,46,Electronics,3,300,900
15/04/2023,CUST408,Female,64,Beauty,1,500,500
18/12/2023,CUST409,Female,21,Electronics,3,300,900
21/11/2023,CUST410,Female,29,Clothing,2,50,100
16/05/2023,CUST411,Male,62,Electronics,4,50,200
16/09/2023,CUST412,Female,19,Electronics,4,500,2000
08/09/2023,CUST413,Female,44,Beauty,3,25,75
09/05/2023,CUST414,Male,48,Beauty,4,25,100
27/01/2023,CUST415,Male,53,Clothing,2,30,60
17/02/2023,CUST416,Male,53,Electronics,4,500,2000
21/11/2023,CUST417,Male,43,Electronics,3,300,900
05/08/2023,CUST418,Female,60,Electronics,2,500,1000
22/05/2023,CUST419,Female,44,Clothing,3,30,90
23/01/2023,CUST420,Female,22,Clothing,4,500,2000
02/01/2023,CUST421,Female,37,Clothing,3,500,1500
20/06/2023,CUST422,Female,28,Clothing,3,30,90
08/03/2023,CUST423,Female,27,Clothing,1,25,25
23/11/2023,CUST424,Male,57,Beauty,4,300,1200
15/05/2023,CUST425,Female,55,Electronics,4,30,120
24/03/2023,CUST426,Male,23,Electronics,3,50,150
15/08/2023,CUST427,Male,25,Electronics,1,25,25
10/10/2023,CUST428,Female,40,Electronics,4,50,200
28/12/2023,CUST429,Male,64,Electronics,2,25,50
07/08/2023,CUST430,Female,43,Electronics,3,300,900
15/10/2023,CUST431,Male,63,Electronics,4,300,1200
05/01/2023,CUST432,Female,60,Electronics,2,500,1000
27/02/2023,CUST433,Male,29,Beauty,4,50,200
08/02/2023,CUST434,Female,43,Electronics,2,25,50
20/12/2023,CUST435,Female,30,Beauty,3,300,900
18/03/2023,CUST436,Female,57,Clothing,4,30,120
07/10/2023,CUST437,Female,35,Electronics,4,300,1200
19/01/2023,CUST438,Female,42,Clothing,1,30,30
09/07/2023,CUST439,Male,50,Clothing,3,25,75
26/10/2023,CUST440,Male,64,Clothing,2,300,600
10/10/2023,CUST441,Male,57,Beauty,4,300,1200
17/03/2023,CUST442,Female,60,Clothing,4,25,100
09/08/2023,CUST443,Male,29,Clothing,2,300,600
07/03/2023,CUST444,Female,61,Clothing,3,30,90
22/01/2023,CUST445,Female,53,Electronics,1,300,300
07/06/2023,CUST446,Male,21,Electronics,1,50,50
06/07/2023,CUST447,Male,22,Beauty,4,500,2000
21/01/2023,CUST448,Female,54,Beauty,2,30,60
03/07/2023,CUST449,Male,25,Electronics,4,50,200
18/04/2023,CUST450,Female,59,Beauty,2,25,50
16/12/2023,CUST451,Female,45,Electronics,1,30,30
08/05/2023,CUST452,Female,48,Clothing,3,500,1500
08/12/2023,CUST453,Female,26,Clothing,2,500,1000
22/02/2023,CUST454,Female,46,Beauty,1,25,25
01/07/2023,CUST455,Male,31,Electronics,4,25,100
14/10/2023,CUST456,Male,57,Electronics,2,30,60
28/07/2023,CUST457,Female,58,Beauty,3,300,900
14/11/2023,CUST458,Female,39,Electronics,4,25,100
21/03/2023,CUST459,Male,28,Clothing,4,300,1200
02/05/2023,CUST460,Male,40,Beauty,1,50,50
25/03/2023,CUST461,Female,18,Beauty,2,500,1000
01/04/2023,CUST462,Male,63,Electronics,4,300,1200
31/07/2023,CUST463,Female,54,Beauty,3,500,1500
13/01/2023,CUST464,Male,38,Electronics,2,300,600
02/04/2023,CUST465,Female,43,Electronics,3,50,150
20/06/2023,CUST466,Male,63,Electronics,4,25,100
30/07/2023,CUST467,Female,53,Electronics,3,50,150
09/12/2023,CUST468,Male,40,Electronics,1,25,25
08/05/2023,CUST469,Male,18,Beauty,3,25,75
17/05/2023,CUST470,Female,57,Clothing,2,500,1000
23/03/2023,CUST471,Male,32,Clothing,3,50,150
26/12/2023,CUST472,Female,38,Beauty,3,300,900
25/02/2023,CUST473,Male,64,Beauty,1,50,50
15/07/2023,CUST474,Female,26,Clothing,3,500,1500
20/01/2023,CUST475,Male,26,Clothing,3,25,75
29/08/2023,CUST476,Female,27,Clothing,4,500,2000
24/04/2023,CUST477,Male,43,Clothing,4,30,120
13/04/2023,CUST478,Female,58,Clothing,2,30,60
24/08/2023,CUST479,Male,52,Electronics,4,300,1200
29/06/2023,CUST480,Female,42,Beauty,4,500,2000
06/06/2023,CUST481,Female,43,Electronics,4,300,1200
27/04/2023,CUST482,Female,28,Clothing,4,300,1200
25/04/2023,CUST483,Male,55,Clothing,1,30,30
13/01/2023,CUST484,Female,19,Clothing,4,300,1200
04/12/2023,CUST485,Male,24,Electronics,1,30,30
09/04/2023,CUST486,Female,35,Electronics,1,25,25
24/07/2023,CUST487,Male,44,Clothing,4,500,2000
18/06/2023,CUST488,Female,51,Electronics,3,300,900
23/05/2023,CUST489,Male,44,Electronics,1,30,30
05/02/2023,CUST490,Male,34,Clothing,3,50,150
23/05/2023,CUST491,Female,60,Electronics,3,300,900
29/06/2023,CUST492,Male,61,Beauty,4,25,100
25/11/2023,CUST493,Male,41,Beauty,2,25,50
18/09/2023,CUST494,Female,42,Beauty,4,50,200
24/07/2023,CUST495,Male,24,Beauty,2,30,60
14/12/2023,CUST496,Male,23,Clothing,2,300,600
02/10/2023,CUST497,Male,41,Clothing,4,30,120
19/06/2023,CUST498,Female,50,Clothing,4,25,100
15/01/2023,CUST499,Male,46,Beauty,2,30,60
01/03/2023,CUST500,Female,60,Beauty,4,25,100
14/05/2023,CUST501,Male,39,Electronics,2,30,60
02/04/2023,CUST502,Male,43,Electronics,3,50,150
25/10/2023,CUST503,Male,45,Beauty,4,500,2000
16/05/2023,CUST504,Female,38,Beauty,3,50,150
20/01/2023,CUST505,Male,24,Beauty,1,50,50
25/02/2023,CUST506,Male,34,Beauty,3,500,1500
02/11/2023,CUST507,Female,37,Electronics,3,500,1500
11/08/2023,CUST508,Male,58,Beauty,2,300,600
26/06/2023,CUST509,Female,37,Electronics,3,300,900
10/06/2023,CUST510,Female,39,Beauty,4,50,200
12/08/2023,CUST511,Male,45,Beauty,2,50,100
07/11/2023,CUST512,Female,57,Beauty,1,25,25
19/09/2023,CUST513,Male,24,Electronics,4,25,100
01/03/2023,CUST514,Female,18,Electronics,1,300,300
17/07/2023,CUST515,Female,49,Clothing,3,300,900
23/10/2023,CUST516,Male,30,Beauty,4,25,100
08/04/2023,CUST517,Female,47,Clothing,4,25,100
11/05/2023,CUST518,Female,40,Clothing,1,30,30
23/01/2023,CUST519,Female,36,Electronics,4,30,120
29/12/2023,CUST520,Female,49,Electronics,4,25,100
12/08/2023,CUST521,Female,47,Clothing,4,30,120
01/01/2023,CUST522,Male,46,Beauty,3,500,1500
24/09/2023,CUST523,Female,62,Electronics,1,300,300
03/10/2023,CUST524,Male,46,Beauty,4,300,1200
18/12/2023,CUST525,Female,47,Beauty,2,25,50
10/12/2023,CUST526,Male,33,Clothing,2,50,100
11/04/2023,CUST527,Male,57,Clothing,2,25,50
06/07/2023,CUST528,Female,36,Clothing,2,30,60
09/08/2023,CUST529,Female,35,Clothing,3,50,150
05/02/2023,CUST530,Female,18,Electronics,4,30,120
07/12/2023,CUST531,Male,31,Electronics,1,500,500
19/06/2023,CUST532,Female,64,Clothing,4,30,120
16/11/2023,CUST533,Male,19,Electronics,3,500,1500
10/06/2023,CUST534,Male,45,Clothing,2,500,1000
06/12/2023,CUST535,Male,47,Beauty,3,30,90
05/03/2023,CUST536,Female,55,Beauty,4,30,120
03/06/2023,CUST537,Female,21,Beauty,1,500,500
17/09/2023,CUST538,Male,18,Clothing,3,50,150
08/06/2023,CUST539,Male,25,Beauty,1,500,500
08/12/2023,CUST540,Female,46,Electronics,3,300,900
29/07/2023,CUST541,Male,56,Beauty,1,500,500
17/06/2023,CUST542,Female,20,Beauty,1,50,50
26/07/2023,CUST543,Male,49,Beauty,2,300,600
23/12/2023,CUST544,Female,27,Electronics,1,25,25
01/06/2023,CUST545,Male,27,Clothing,2,25,50
11/10/2023,CUST546,Female,36,Electronics,4,50,200
07/03/2023,CUST547,Male,63,Clothing,4,500,2000
09/04/2023,CUST548,Female,51,Clothing,2,30,60
04/08/2023,CUST549,Female,50,Beauty,2,50,100
07/12/2023,CUST550,Male,40,Clothing,3,300,900
14/07/2023,CUST551,Male,45,Electronics,3,300,900
13/12/2023,CUST552,Female,49,Electronics,3,25,75
31/03/2023,CUST553,Male,24,Clothing,4,300,1200
12/11/2023,CUST554,Female,46,Beauty,3,50,150
19/10/2023,CUST555,Male,25,Beauty,1,300,300
04/06/2023,CUST556,Female,18,Electronics,1,50,50
27/07/2023,CUST557,Female,20,Beauty,3,30,90
08/10/2023,CUST558,Female,41,Clothing,1,25,25
01/01/2023,CUST559,Female,40,Clothing,4,300,1200
05/06/2023,CUST560,Female,25,Electronics,1,50,50
27/05/2023,CUST561,Female,64,Clothing,4,500,2000
18/04/2023,CUST562,Male,54,Electronics,2,25,50
09/08/2023,CUST563,Male,20,Clothing,2,30,60
24/10/2023,CUST564,Male,50,Electronics,2,50,100
07/11/2023,CUST565,Female,45,Beauty,2,30,60
02/12/2023,CUST566,Female,64,Clothing,1,30,30
14/06/2023,CUST567,Female,25,Clothing,3,300,900
27/08/2023,CUST568,Female,51,Electronics,1,300,300
15/08/2023,CUST569,Male,52,Electronics,4,50,200
15/08/2023,CUST570,Male,49,Clothing,1,500,500
12/12/2023,CUST571,Female,41,Electronics,1,50,50
20/04/2023,CUST572,Male,31,Clothing,4,500,2000
19/09/2023,CUST573,Male,49,Beauty,2,30,60
31/08/2023,CUST574,Female,63,Electronics,2,25,50
28/03/2023,CUST575,Male,60,Clothing,2,50,100
04/12/2023,CUST576,Female,33,Beauty,3,50,150
13/02/2023,CUST577,Male,21,Beauty,4,500,2000
26/05/2023,CUST578,Female,54,Clothing,4,30,120
21/09/2023,CUST579,Female,38,Electronics,1,30,30
06/12/2023,CUST580,Female,31,Clothing,3,500,1500
21/11/2023,CUST581,Female,48,Beauty,2,30,60
14/11/2023,CUST582,Male,35,Clothing,3,300,900
21/06/2023,CUST583,Female,24,Electronics,4,25,100
17/02/2023,CUST584,Female,27,Beauty,4,50,200
01/05/2023,CUST585,Female,24,Clothing,1,25,25
11/12/2023,CUST586,Male,50,Electronics,1,50,50
08/06/2023,CUST587,Female,40,Beauty,4,300,1200
26/04/2023,CUST588,Male,38,Electronics,2,30,60
12/04/2023,CUST589,Female,36,Beauty,2,500,1000
17/03/2023,CUST590,Male,36,Clothing,3,300,900
13/01/2023,CUST591,Male,53,Electronics,4,25,100
24/01/2023,CUST592,Female,46,Beauty,4,500,2000
06/05/2023,CUST593,Male,35,Electronics,2,30,60
01/09/2023,CUST594,Female,19,Electronics,2,300,600
09/11/2023,CUST595,Female,18,Clothing,4,500,2000
07/02/2023,CUST596,Female,64,Electronics,1,300,300
22/08/2023,CUST597,Male,22,Beauty,4,300,1200
01/08/2023,CUST598,Male,37,Beauty,4,30,120
19/11/2023,CUST599,Female,28,Beauty,2,50,100
22/10/2023,CUST600,Female,59,Beauty,2,500,1000
10/04/2023,CUST601,Male,19,Clothing,1,30,30
23/12/2023,CUST602,Female,20,Electronics,1,300,300
16/07/2023,CUST603,Female,40,Clothing,3,30,90
11/09/2023,CUST604,Female,29,Electronics,4,50,200
24/07/2023,CUST605,Male,37,Electronics,2,500,1000
05/05/2023,CUST606,Male,22,Electronics,1,50,50
17/03/2023,CUST607,Male,54,Clothing,3,25,75
02/12/2023,CUST608,Female,55,Electronics,3,500,1500
19/12/2023,CUST609,Female,47,Clothing,2,50,100
03/01/2023,CUST610,Female,26,Beauty,2,300,600
24/02/2023,CUST611,Male,51,Beauty,3,500,1500
06/08/2023,CUST612,Female,61,Electronics,1,500,500
23/04/2023,CUST613,Female,52,Clothing,3,30,90
01/04/2023,CUST614,Female,39,Beauty,4,300,1200
23/12/2023,CUST615,Female,61,Clothing,4,25,100
23/09/2023,CUST616,Male,41,Clothing,2,50,100
26/08/2023,CUST617,Male,34,Electronics,1,30,30
26/01/2023,CUST618,Female,27,Beauty,1,50,50
13/10/2023,CUST619,Male,47,Electronics,4,25,100
08/05/2023,CUST620,Male,63,Electronics,3,25,75
04/03/2023,CUST621,Female,40,Beauty,2,500,1000
22/08/2023,CUST622,Female,49,Beauty,3,25,75
10/03/2023,CUST623,Male,34,Clothing,3,50,150
26/08/2023,CUST624,Female,34,Beauty,3,300,900
08/12/2023,CUST625,Male,31,Clothing,1,300,300
29/09/2023,CUST626,Female,26,Clothing,4,500,2000
14/10/2023,CUST627,Male,57,Clothing,1,50,50
01/11/2023,CUST628,Female,19,Beauty,4,50,200
12/06/2023,CUST629,Male,62,Electronics,2,25,50
15/08/2023,CUST630,Male,42,Clothing,2,50,100
10/11/2023,CUST631,Male,56,Electronics,3,30,90
16/09/2023,CUST632,Female,26,Electronics,4,25,100
07/08/2023,CUST633,Male,39,Beauty,4,30,120
08/10/2023,CUST634,Male,60,Electronics,4,500,2000
17/08/2023,CUST635,Female,63,Electronics,3,300,900
23/03/2023,CUST636,Female,21,Beauty,3,500,1500
01/09/2023,CUST637,Male,43,Clothing,2,300,600
19/08/2023,CUST638,Male,46,Electronics,1,500,500
13/05/2023,CUST639,Female,62,Beauty,4,50,200
07/05/2023,CUST640,Female,51,Electronics,4,30,120
23/11/2023,CUST641,Female,40,Electronics,1,300,300
22/05/2023,CUST642,Female,54,Clothing,4,25,100
24/09/2023,CUST643,Female,28,Electronics,3,30,90
06/09/2023,CUST644,Male,23,Beauty,3,25,75
17/11/2023,CUST645,Female,35,Electronics,4,30,120
03/05/2023,CUST646,Male,38,Clothing,3,30,90
21/05/2023,CUST647,Male,59,Clothing,3,500,1500
14/08/2023,CUST648,Male,53,Beauty,4,300,1200
09/02/2023,CUST649,Female,58,Clothing,2,300,600
01/01/2024,CUST650,Male,55,Electronics,1,30,30
27/05/2023,CUST651,Male,51,Clothing,3,50,150
01/05/2023,CUST652,Female,34,Beauty,2,50,100
20/05/2023,CUST653,Male,54,Clothing,3,25,75
21/06/2023,CUST654,Male,42,Clothing,3,25,75
13/06/2023,CUST655,Female,55,Clothing,1,500,500
04/10/2023,CUST656,Male,29,Beauty,3,30,90
11/02/2023,CUST657,Male,40,Clothing,1,25,25
12/03/2023,CUST658,Male,59,Clothing,1,25,25
19/03/2023,CUST659,Female,39,Electronics,1,30,30
29/04/2023,CUST660,Female,38,Beauty,2,500,1000
16/07/2023,CUST661,Female,44,Clothing,4,25,100
22/12/2023,CUST662,Male,48,Beauty,2,500,1000
20/03/2023,CUST663,Male,23,Clothing,4,300,1200
28/12/2023,CUST664,Female,44,Clothing,4,500,2000
20/04/2023,CUST665,Male,57,Clothing,1,50,50
02/02/2023,CUST666,Male,51,Electronics,3,50,150
01/08/2023,CUST667,Female,29,Electronics,1,500,500
28/07/2023,CUST668,Female,62,Electronics,3,50,150
19/06/2023,CUST669,Male,24,Beauty,4,300,1200
05/10/2023,CUST670,Male,27,Beauty,1,30,30
27/08/2023,CUST671,Male,62,Electronics,3,50,150
01/08/2023,CUST672,Female,34,Beauty,2,50,100
01/02/2023,CUST673,Female,43,Clothing,3,500,1500
16/04/2023,CUST674,Female,38,Clothing,1,300,300
04/08/2023,CUST675,Female,45,Clothing,2,30,60
19/07/2023,CUST676,Male,63,Electronics,3,500,1500
27/10/2023,CUST677,Female,19,Beauty,3,500,1500
23/12/2023,CUST678,Female,60,Electronics,3,300,900
11/01/2023,CUST679,Female,18,Beauty,3,30,90
22/10/2023,CUST680,Female,53,Clothing,3,300,900
14/07/2023,CUST681,Female,43,Electronics,2,30,60
02/09/2023,CUST682,Male,46,Beauty,4,300,1200
04/01/2023,CUST683,Male,38,Beauty,2,500,1000
30/06/2023,CUST684,Female,28,Clothing,2,500,1000
02/06/2023,CUST685,Male,57,Electronics,2,25,50
19/07/2023,CUST686,Female,28,Electronics,4,50,200
03/08/2023,CUST687,Female,53,Electronics,1,300,300
03/10/2023,CUST688,Male,56,Clothing,4,25,100
07/10/2023,CUST689,Male,57,Electronics,2,50,100
05/11/2023,CUST690,Female,52,Clothing,3,300,900
23/04/2023,CUST691,Female,51,Clothing,3,30,90
07/09/2023,CUST692,Female,64,Clothing,2,50,100
23/04/2023,CUST693,Male,41,Beauty,3,500,1500
20/05/2023,CUST694,Female,39,Electronics,2,25,50
12/08/2023,CUST695,Female,22,Electronics,3,50,150
06/09/2023,CUST696,Female,50,Clothing,4,50,200
15/01/2023,CUST697,Male,53,Clothing,1,500,500
19/07/2023,CUST698,Female,64,Electronics,1,300,300
22/06/2023,CUST699,Female,37,Clothing,4,30,120
09/12/2023,CUST700,Male,36,Electronics,4,500,2000
14/12/2023,CUST701,Female,52,Beauty,2,30,60
27/07/2023,CUST702,Female,60,Clothing,2,300,600
26/03/2023,CUST703,Male,34,Electronics,2,50,100
28/08/2023,CUST704,Female,62,Clothing,3,30,90
07/03/2023,CUST705,Male,60,Electronics,2,25,50
15/11/2023,CUST706,Male,51,Electronics,4,25,100
01/10/2023,CUST707,Female,26,Clothing,1,500,500
14/01/2023,CUST708,Female,43,Beauty,3,300,900
21/07/2023,CUST709,Female,19,Electronics,2,500,1000
31/10/2023,CUST710,Female,26,Electronics,3,500,1500
16/10/2023,CUST711,Male,26,Electronics,3,500,1500
06/12/2023,CUST712,Female,57,Beauty,2,25,50
14/01/2023,CUST713,Male,34,Beauty,3,25,75
12/02/2023,CUST714,Female,18,Clothing,1,500,500
26/11/2023,CUST715,Female,42,Beauty,4,25,100
08/08/2023,CUST716,Female,60,Clothing,4,300,1200
11/03/2023,CUST717,Male,57,Clothing,1,500,500
25/08/2023,CUST718,Female,59,Beauty,3,25,75
04/04/2023,CUST719,Female,42,Clothing,2,30,60
26/01/2023,CUST720,Female,56,Beauty,3,500,1500
14/05/2023,CUST721,Female,52,Clothing,1,500,500
14/07/2023,CUST722,Male,20,Beauty,3,300,900
17/06/2023,CUST723,Female,54,Beauty,4,50,200
19/04/2023,CUST724,Male,61,Clothing,3,50,150
21/08/2023,CUST725,Male,61,Electronics,1,300,300
17/06/2023,CUST726,Male,47,Clothing,4,300,1200
22/06/2023,CUST727,Male,55,Beauty,3,300,900
14/07/2023,CUST728,Male,51,Electronics,3,50,150
23/05/2023,CUST729,Male,29,Clothing,4,300,1200
04/08/2023,CUST730,Female,36,Clothing,2,25,50
10/05/2023,CUST731,Male,54,Clothing,4,500,2000
11/02/2023,CUST732,Male,61,Electronics,2,500,1000
29/08/2023,CUST733,Male,34,Beauty,1,30,30
10/01/2023,CUST734,Female,27,Clothing,1,30,30
04/10/2023,CUST735,Female,64,Clothing,4,500,2000
27/01/2023,CUST736,Male,29,Clothing,4,25,100
29/06/2023,CUST737,Female,33,Clothing,1,50,50
25/04/2023,CUST738,Male,41,Clothing,2,50,100
29/11/2023,CUST739,Male,36,Beauty,1,25,25
05/02/2023,CUST740,Female,25,Beauty,4,50,200
30/11/2023,CUST741,Male,48,Clothing,1,300,300
21/01/2023,CUST742,Female,38,Electronics,4,500,2000
16/01/2023,CUST743,Female,34,Beauty,4,500,2000
07/05/2023,CUST744,Male,40,Electronics,1,25,25
13/04/2023,CUST745,Male,54,Beauty,2,50,100
11/01/2023,CUST746,Female,33,Clothing,3,30,90
15/11/2023,CUST747,Male,23,Beauty,1,30,30
20/03/2023,CUST748,Male,25,Clothing,3,50,150
03/05/2023,CUST749,Male,42,Beauty,1,30,30
06/03/2023,CUST750,Female,35,Clothing,3,25,75
31/08/2023,CUST751,Female,42,Clothing,2,25,50
09/12/2023,CUST752,Male,29,Clothing,2,50,100
28/02/2023,CUST753,Female,32,Clothing,1,30,30
16/10/2023,CUST754,Female,43,Electronics,4,25,100
22/04/2023,CUST755,Female,58,Clothing,3,25,75
27/08/2023,CUST756,Female,62,Electronics,4,300,1200
25/12/2023,CUST757,Female,43,Electronics,4,300,1200
12/05/2023,CUST758,Male,64,Clothing,4,25,100
08/07/2023,CUST759,Male,49,Electronics,2,50,100
27/03/2023,CUST760,Male,27,Beauty,1,500,500
07/11/2023,CUST761,Female,33,Clothing,1,500,500
07/11/2023,CUST762,Female,24,Electronics,2,25,50
28/02/2023,CUST763,Male,34,Clothing,2,25,50
25/03/2023,CUST764,Female,40,Clothing,1,25,25
09/06/2023,CUST765,Male,43,Clothing,4,50,200
25/02/2023,CUST766,Male,38,Electronics,3,300,900
24/10/2023,CUST767,Male,39,Beauty,3,25,75
14/01/2023,CUST768,Female,24,Beauty,3,25,75
09/06/2023,CUST769,Female,31,Electronics,4,30,120
22/10/2023,CUST770,Male,32,Clothing,1,50,50
13/12/2023,CUST771,Male,24,Electronics,2,25,50
12/07/2023,CUST772,Male,26,Electronics,1,30,30
23/07/2023,CUST773,Male,25,Electronics,4,500,2000
12/04/2023,CUST774,Female,40,Clothing,2,25,50
08/02/2023,CUST775,Female,46,Electronics,4,25,100
31/10/2023,CUST776,Male,35,Clothing,3,30,90
20/12/2023,CUST777,Male,48,Electronics,3,50,150
18/11/2023,CUST778,Female,47,Beauty,4,25,100
05/05/2023,CUST779,Female,56,Electronics,2,500,1000
22/02/2023,CUST780,Male,52,Electronics,2,25,50
23/12/2023,CUST781,Male,35,Beauty,1,500,500
04/06/2023,CUST782,Male,59,Clothing,3,300,900
17/12/2023,CUST783,Female,56,Clothing,1,300,300
04/11/2023,CUST784,Female,34,Electronics,1,500,500
03/03/2023,CUST785,Female,31,Beauty,4,50,200
17/10/2023,CUST786,Male,48,Clothing,4,25,100
22/01/2023,CUST787,Male,41,Electronics,1,25,25
27/06/2023,CUST788,Female,52,Beauty,3,300,900
30/09/2023,CUST789,Female,61,Clothing,4,500,2000
08/08/2023,CUST790,Male,62,Clothing,1,25,25
05/12/2023,CUST791,Female,51,Beauty,1,25,25
09/07/2023,CUST792,Female,20,Beauty,1,50,50
05/02/2023,CUST793,Male,54,Beauty,1,30,30
17/09/2023,CUST794,Female,60,Beauty,1,300,300
28/11/2023,CUST795,Male,57,Electronics,1,300,300
24/06/2023,CUST796,Male,43,Beauty,4,30,120
07/01/2023,CUST797,Male,40,Clothing,3,25,75
04/08/2023,CUST798,Male,61,Clothing,1,50,50
08/09/2023,CUST799,Male,56,Electronics,2,50,100
24/02/2023,CUST800,Male,32,Clothing,4,300,1200
10/08/2023,CUST801,Male,21,Clothing,4,50,200
05/07/2023,CUST802,Female,46,Beauty,1,30,30
22/11/2023,CUST803,Male,39,Clothing,4,25,100
24/08/2023,CUST804,Male,42,Electronics,1,30,30
29/12/2023,CUST805,Female,30,Beauty,3,500,1500
20/03/2023,CUST806,Female,35,Beauty,3,300,900
11/08/2023,CUST807,Female,50,Electronics,4,50,200
01/04/2023,CUST808,Male,33,Beauty,4,500,2000
25/09/2023,CUST809,Female,62,Beauty,2,50,100
30/11/2023,CUST810,Male,59,Electronics,4,25,100
19/05/2023,CUST811,Male,61,Beauty,2,25,50
12/11/2023,CUST812,Male,19,Electronics,3,25,75
03/10/2023,CUST813,Male,52,Electronics,3,50,150
05/09/2023,CUST814,Female,59,Clothing,1,500,500
27/08/2023,CUST815,Female,51,Clothing,3,25,75
12/08/2023,CUST816,Male,47,Beauty,2,500,1000
31/10/2023,CUST817,Male,30,Beauty,4,50,200
18/05/2023,CUST818,Male,30,Electronics,1,500,500
15/06/2023,CUST819,Female,35,Beauty,2,50,100
06/05/2023,CUST820,Male,49,Electronics,4,50,200
14/02/2023,CUST821,Male,49,Electronics,1,300,300
23/05/2023,CUST822,Female,52,Beauty,3,50,150
19/08/2023,CUST823,Female,56,Electronics,2,50,100
05/05/2023,CUST824,Male,63,Clothing,4,30,120
26/08/2023,CUST825,Female,46,Beauty,1,25,25
19/10/2023,CUST826,Female,46,Clothing,1,300,300
09/11/2023,CUST827,Male,61,Beauty,3,300,900
09/12/2023,CUST828,Female,33,Electronics,4,300,1200
14/07/2023,CUST829,Male,61,Beauty,3,30,90
22/06/2023,CUST830,Female,64,Clothing,3,50,150
15/01/2023,CUST831,Male,27,Electronics,4,25,100
11/09/2023,CUST832,Male,47,Beauty,4,500,2000
16/06/2023,CUST833,Male,42,Beauty,4,50,200
04/04/2023,CUST834,Female,56,Beauty,2,30,60
07/09/2023,CUST835,Male,37,Clothing,4,50,200
19/04/2023,CUST836,Female,22,Clothing,1,50,50
01/07/2023,CUST837,Male,18,Beauty,3,30,90
13/05/2023,CUST838,Male,47,Electronics,2,300,600
24/06/2023,CUST839,Female,20,Electronics,4,300,1200
24/05/2023,CUST840,Male,62,Clothing,2,25,50
02/11/2023,CUST841,Male,31,Electronics,4,25,100
26/12/2023,CUST842,Female,47,Clothing,2,300,600
22/05/2023,CUST843,Male,21,Beauty,3,500,1500
12/10/2023,CUST844,Male,35,Clothing,3,50,150
06/01/2023,CUST845,Male,54,Clothing,1,500,500
22/09/2023,CUST846,Male,42,Beauty,1,50,50
08/04/2023,CUST847,Female,18,Electronics,4,300,1200
13/02/2023,CUST848,Female,63,Clothing,3,25,75
04/05/2023,CUST849,Male,32,Clothing,2,25,50
28/07/2023,CUST850,Female,26,Beauty,2,500,1000
08/09/2023,CUST851,Male,32,Electronics,2,25,50
12/10/2023,CUST852,Female,41,Clothing,1,300,300
04/05/2023,CUST853,Male,21,Beauty,2,500,1000
20/12/2023,CUST854,Male,29,Clothing,1,50,50
01/09/2023,CUST855,Male,54,Beauty,1,25,25
27/11/2023,CUST856,Male,54,Electronics,4,30,120
31/12/2023,CUST857,Male,60,Electronics,2,25,50
09/09/2023,CUST858,Male,23,Electronics,2,50,100
18/08/2023,CUST859,Female,56,Electronics,3,500,1500
09/01/2023,CUST860,Male,63,Clothing,4,50,200
17/02/2023,CUST861,Female,41,Clothing,3,30,90
31/05/2023,CUST862,Male,28,Electronics,4,300,1200
24/04/2023,CUST863,Female,30,Electronics,2,25,50
27/07/2023,CUST864,Female,51,Electronics,1,500,500
21/12/2023,CUST865,Female,42,Clothing,1,300,300
05/05/2023,CUST866,Male,24,Electronics,1,50,50
06/06/2023,CUST867,Male,21,Electronics,1,500,500
06/12/2023,CUST868,Female,25,Electronics,1,300,300
25/10/2023,CUST869,Male,37,Beauty,3,500,1500
08/07/2023,CUST870,Female,46,Electronics,4,30,120
31/08/2023,CUST871,Male,62,Beauty,2,30,60
11/10/2023,CUST872,Female,63,Beauty,3,25,75
29/09/2023,CUST873,Female,27,Electronics,4,25,100
26/06/2023,CUST874,Male,60,Beauty,1,30,30
06/08/2023,CUST875,Female,51,Electronics,4,500,2000
09/10/2023,CUST876,Male,43,Clothing,4,30,120
19/06/2023,CUST877,Female,58,Clothing,1,25,25
30/06/2023,CUST878,Female,20,Clothing,1,30,30
26/12/2023,CUST879,Male,23,Clothing,1,30,30
21/08/2023,CUST880,Male,22,Beauty,2,500,1000
19/05/2023,CUST881,Male,22,Electronics,1,300,300
06/06/2023,CUST882,Female,64,Electronics,2,25,50
09/05/2023,CUST883,Male,40,Electronics,1,500,500
29/04/2023,CUST884,Female,26,Clothing,2,30,60
03/03/2023,CUST885,Female,52,Clothing,4,30,120
09/04/2023,CUST886,Male,37,Electronics,3,300,900
11/06/2023,CUST887,Male,59,Clothing,4,25,100
03/03/2023,CUST888,Female,52,Electronics,4,25,100
02/10/2023,CUST889,Female,35,Electronics,1,50,50
20/12/2023,CUST890,Male,34,Electronics,2,25,50
05/04/2023,CUST891,Male,41,Electronics,3,300,900
09/04/2023,CUST892,Male,20,Electronics,1,50,50
21/04/2023,CUST893,Male,49,Electronics,1,50,50
05/09/2023,CUST894,Male,52,Electronics,1,30,30
22/05/2023,CUST895,Female,55,Clothing,4,30,120
29/10/2023,CUST896,Female,30,Electronics,2,25,50
26/09/2023,CUST897,Female,64,Electronics,2,50,100
02/11/2023,CUST898,Female,42,Clothing,3,30,90
25/05/2023,CUST899,Male,26,Clothing,2,300,600
21/02/2023,CUST900,Male,21,Clothing,2,30,60
10/04/2023,CUST901,Male,31,Electronics,1,30,30
01/06/2023,CUST902,Female,54,Beauty,1,50,50
27/04/2023,CUST903,Female,51,Beauty,4,50,200
04/07/2023,CUST904,Male,28,Clothing,1,500,500
02/04/2023,CUST905,Male,58,Beauty,1,300,300
04/06/2023,CUST906,Female,20,Clothing,1,50,50
08/01/2023,CUST907,Female,45,Electronics,1,25,25
29/12/2023,CUST908,Male,46,Beauty,4,300,1200
01/10/2023,CUST909,Male,26,Electronics,1,300,300
06/03/2023,CUST910,Female,20,Beauty,3,50,150
21/05/2023,CUST911,Male,42,Electronics,3,300,900
24/01/2023,CUST912,Male,51,Beauty,3,50,150
28/01/2023,CUST913,Male,29,Electronics,3,30,90
11/10/2023,CUST914,Female,59,Electronics,1,500,500
30/05/2023,CUST915,Female,26,Beauty,3,30,90
24/12/2023,CUST916,Female,32,Electronics,1,50,50
06/03/2023,CUST917,Female,57,Electronics,4,50,200
23/11/2023,CUST918,Female,42,Electronics,3,30,90
09/09/2023,CUST919,Female,22,Beauty,2,25,50
22/02/2023,CUST920,Female,28,Beauty,3,25,75
07/01/2023,CUST921,Male,51,Electronics,3,25,75
21/10/2023,CUST922,Male,41,Electronics,1,50,50
26/05/2023,CUST923,Male,32,Beauty,3,300,900
29/08/2023,CUST924,Male,55,Beauty,2,50,100
03/09/2023,CUST925,Male,25,Electronics,1,300,300
14/08/2023,CUST926,Male,22,Electronics,1,30,30
24/06/2023,CUST927,Male,43,Electronics,4,500,2000
05/04/2023,CUST928,Female,35,Clothing,4,300,1200
27/01/2023,CUST929,Female,23,Beauty,3,25,75
10/05/2023,CUST930,Male,54,Clothing,4,50,200
02/09/2023,CUST931,Male,30,Beauty,4,30,120
28/02/2023,CUST932,Female,45,Beauty,4,25,100
03/02/2023,CUST933,Male,22,Beauty,1,30,30
25/07/2023,CUST934,Male,30,Beauty,1,500,500
09/09/2023,CUST935,Female,34,Beauty,1,50,50
07/02/2023,CUST936,Male,57,Beauty,4,50,200
23/10/2023,CUST937,Female,62,Beauty,1,500,500
19/11/2023,CUST938,Male,49,Clothing,4,50,200
18/12/2023,CUST939,Female,46,Electronics,1,300,300
28/01/2023,CUST940,Female,20,Electronics,1,30,30
19/03/2023,CUST941,Female,57,Clothing,2,25,50
18/03/2023,CUST942,Male,51,Clothing,3,500,1500
16/10/2023,CUST943,Female,57,Clothing,4,300,1200
05/06/2023,CUST944,Male,44,Clothing,2,25,50
13/02/2023,CUST945,Male,30,Beauty,1,25,25
08/05/2023,CUST946,Male,62,Electronics,4,500,2000
02/03/2023,CUST947,Male,50,Beauty,1,300,300
13/10/2023,CUST948,Female,23,Electronics,3,25,75
02/08/2023,CUST949,Female,41,Electronics,2,25,50
07/11/2023,CUST950,Male,36,Clothing,3,300,900
02/11/2023,CUST951,Male,33,Beauty,2,50,100
13/11/2023,CUST952,Female,57,Clothing,1,25,25
26/04/2023,CUST953,Male,45,Beauty,3,30,90
25/09/2023,CUST954,Female,50,Electronics,3,300,900
14/07/2023,CUST955,Male,58,Clothing,1,25,25
19/08/2023,CUST956,Male,30,Clothing,3,500,1500
15/08/2023,CUST957,Female,60,Electronics,4,30,120
02/06/2023,CUST958,Male,62,Electronics,2,25,50
29/10/2023,CUST959,Female,42,Electronics,2,30,60
08/08/2023,CUST960,Male,59,Clothing,2,30,60
06/06/2023,CUST961,Male,53,Beauty,4,50,200
19/10/2023,CUST962,Male,44,Clothing,2,30,60
14/11/2023,CUST963,Female,55,Beauty,1,50,50
31/01/2023,CUST964,Male,24,Clothing,3,300,900
09/11/2023,CUST965,Male,22,Clothing,4,50,200
20/02/2023,CUST966,Male,60,Electronics,2,500,1000
17/04/2023,CUST967,Male,62,Beauty,1,25,25
17/11/2023,CUST968,Female,48,Clothing,3,300,900
19/04/2023,CUST969,Female,40,Clothing,3,300,900
16/05/2023,CUST970,Male,59,Electronics,4,500,2000
05/12/2023,CUST971,Female,27,Electronics,4,50,200
11/02/2023,CUST972,Male,49,Beauty,4,25,100
22/03/2023,CUST973,Male,60,Clothing,1,50,50
03/05/2023,CUST974,Male,47,Beauty,1,30,30
30/03/2023,CUST975,Female,56,Clothing,4,50,200
10/10/2023,CUST976,Female,48,Beauty,2,300,600
08/02/2023,CUST977,Female,35,Electronics,3,25,75
22/03/2023,CUST978,Female,53,Clothing,3,50,150
02/01/2023,CUST979,Female,19,Beauty,1,25,25
29/07/2023,CUST980,Female,31,Electronics,3,25,75
19/08/2023,CUST981,Female,30,Electronics,2,30,60
19/12/2023,CUST982,Female,46,Beauty,3,30,90
01/11/2023,CUST983,Female,29,Clothing,1,300,300
29/08/2023,CUST984,Male,56,Clothing,1,500,500
30/05/2023,CUST985,Female,19,Electronics,2,25,50
17/01/2023,CUST986,Female,49,Clothing,2,500,1000
29/04/2023,CUST987,Female,30,Clothing,3,300,900
28/05/2023,CUST988,Female,63,Clothing,3,25,75
28/12/2023,CUST989,Female,44,Electronics,1,25,25
25/05/2023,CUST990,Female,58,Beauty,2,500,1000
26/12/2023,CUST991,Female,34,Clothing,2,50,100
21/08/2023,CUST992,Female,57,Electronics,2,30,60
06/02/2023,CUST993,Female,48,Electronics,3,50,150
18/12/2023,CUST994,Female,51,Beauty,2,500,1000
30/04/2023,CUST995,Female,41,Clothing,1,30,30
16/05/2023,CUST996,Male,62,Clothing,1,50,50
17/11/2023,CUST997,Male,52,Beauty,3,30,90
29/10/2023,CUST998,Female,23,Beauty,4,25,100
05/12/2023,CUST999,Female,36,Electronics,3,50,150
12/04/2023,CUST1000,Male,47,Electronics,4,30,120
